[{"@type":"mappingTemplate","id":"@1","name":"Rule_Specification_Mapping_Versioning","description":"A simple mapping using rule specification","autoExpireObject":false,"bundleVersion":"0","assetFrsGuid":"754pL4qP0wkkJRmCfYRJWF","templateId":"@3","deployTime":1758017146000,"hasParameters":false,"valid":true,"fixedConnection":true,"hasParametersDeployed":false,"fixedConnectionDeployed":true,"isSchemaValidationEnabled":false,"tasks":0,"mappingPreviewFileRecordId":"@2","documentType":"","allowMaxFieldLength":false,"specialCharacterSupport":false,"references":[{"@type":"reference","refObjectId":"@1k8Ak4MgF4Kjiw23ZQuF01","refType":"connection"},{"@type":"reference","refObjectId":"@7a8paFNRuKJiDX8bAQC6qq","refType":"frsDocument"},{"@type":"reference","refObjectId":"@8438Yq56KuIksp2oIh0GYb","refType":"connection"}]}]