[{"@type":"mappingTemplate","id":"@1","name":"Deduplicate_Mapping_Versioning_2","description":"","autoExpireObject":false,"bundleVersion":"0","assetFrsGuid":"3wvjYW7RtnheIHCh1awuqT","templateId":"@3","hasParameters":false,"valid":true,"fixedConnection":true,"hasParametersDeployed":false,"fixedConnectionDeployed":false,"isSchemaValidationEnabled":false,"tasks":0,"mappingPreviewFileRecordId":"@2","documentType":"","allowMaxFieldLength":false,"references":[{"@type":"reference","refObjectId":"@l2hnIB4FwQkivsRRlPIwwz","refType":"connection"},{"@type":"reference","refObjectId":"@aqrEqMP1ikEg1x6SmY2W2w","refType":"frsDocument"},{"@type":"reference","refObjectId":"@j3RVoW3aH6GduDF907oo4e","refType":"connection"}]}]