[{"@type":"mappingTemplate","id":"@1","name":"DQC_AllTx_ZDT_Mapping","description":"","autoExpireObject":false,"bundleVersion":"0","assetFrsGuid":"6jxxoBPZxkvlQplC1Fs8Ai","templateId":"@3","deployTime":1748248952000,"hasParameters":false,"valid":true,"fixedConnection":true,"hasParametersDeployed":false,"fixedConnectionDeployed":true,"isSchemaValidationEnabled":false,"tasks":1,"mappingPreviewFileRecordId":"@2","documentType":"","allowMaxFieldLength":false,"references":[{"@type":"reference","refObjectId":"@8pGzCjbuPYtimK1n12ZLov","refType":"connection"},{"@type":"reference","refObjectId":"@2rUuZsOdfqjgMSLeU3gHsN","refType":"frsDocument"},{"@type":"reference","refObjectId":"@6S8qTMD0xLMemyYcJlBmIn","refType":"connection"},{"@type":"reference","refObjectId":"@4IfMViFReqXd37KDagf0oy","refType":"frsDocument"},{"@type":"reference","refObjectId":"@3s2qLQh5cbOkcIXWFtKWeH","refType":"frsDocument"},{"@type":"reference","refObjectId":"@5ogZOogUhLklq68hdGlvi9","refType":"frsDocument"},{"@type":"reference","refObjectId":"@a1iKNMmpg4Kg2WhS84P3US","refType":"frsDocument"},{"@type":"reference","refObjectId":"@a75lmAs5lVzcrSVJPNrQc4","refType":"frsDocument"}]}]