[{"@type":"mappingTemplate","id":"@1","name":"Cleanse_Mapping_Versioning_2","description":"A simpleMapping Using Cleanse","autoExpireObject":false,"bundleVersion":"0","assetFrsGuid":"44wIpTd6oPSjdJPVxoOfww","templateId":"@3","deployTime":1750055941000,"hasParameters":false,"valid":true,"fixedConnection":true,"hasParametersDeployed":false,"fixedConnectionDeployed":true,"isSchemaValidationEnabled":false,"tasks":0,"mappingPreviewFileRecordId":"@2","documentType":"","allowMaxFieldLength":false,"specialCharacterSupport":false,"references":[{"@type":"reference","refObjectId":"@0ImslthRCXajrIqXSdrgWz","refType":"connection"},{"@type":"reference","refObjectId":"@2IC7jncljhLliFiKegZtEK","refType":"connection"},{"@type":"reference","refObjectId":"@04s7vbjlLNggHKsIelShkx","refType":"frsDocument"}]}]