[{"@type":"mappingTemplate","id":"@1","name":"Cleanse_Mapping_Versioning_2","description":"A simpleMapping Using Cleanse","autoExpireObject":false,"bundleVersion":"0","assetFrsGuid":"5klSrUp7lM3fHXAvsZiqMI","templateId":"@3","deployTime":1739257566000,"hasParameters":false,"valid":true,"fixedConnection":true,"hasParametersDeployed":false,"fixedConnectionDeployed":true,"isSchemaValidationEnabled":false,"tasks":0,"mappingPreviewFileRecordId":"@2","documentType":"","allowMaxFieldLength":false,"references":[{"@type":"reference","refObjectId":"@0ImslthRCXajrIqXSdrgWz","refType":"connection"},{"@type":"reference","refObjectId":"@0Wy0t75IdkVihLF58Onao1","refType":"frsDocument"},{"@type":"reference","refObjectId":"@2IC7jncljhLliFiKegZtEK","refType":"connection"}]}]