[{"@type":"mappingTemplate","id":"@1","name":"Deduplicate_Mapping_Versioning_2","description":"","autoExpireObject":false,"bundleVersion":"0","assetFrsGuid":"0ujlwWsIAqdbC0oCpwPbk8","templateId":"@3","deployTime":1750055939000,"hasParameters":false,"valid":true,"fixedConnection":true,"hasParametersDeployed":false,"fixedConnectionDeployed":true,"isSchemaValidationEnabled":false,"tasks":0,"mappingPreviewFileRecordId":"@2","documentType":"","allowMaxFieldLength":false,"specialCharacterSupport":false,"references":[{"@type":"reference","refObjectId":"@l2hnIB4FwQkivsRRlPIwwz","refType":"connection"},{"@type":"reference","refObjectId":"@j3RVoW3aH6GduDF907oo4e","refType":"connection"},{"@type":"reference","refObjectId":"@8piGrc3vcjzdJK0c6kGdEr","refType":"frsDocument"}]}]