[{"@type":"mappingTemplate","id":"@1","name":"Cleanse_Mapping_Versioning","description":"Cleanse mapping","autoExpireObject":false,"bundleVersion":"0","assetFrsGuid":"5GAx0D3fXWriRSsh0CrWkY","templateId":"@3","deployTime":1739262686000,"hasParameters":false,"valid":true,"fixedConnection":true,"hasParametersDeployed":false,"fixedConnectionDeployed":true,"isSchemaValidationEnabled":false,"tasks":0,"mappingPreviewFileRecordId":"@2","documentType":"","allowMaxFieldLength":false,"references":[{"@type":"reference","refObjectId":"@2SXARNPSQj1lJYknSQ4RyZ","refType":"frsDocument"},{"@type":"reference","refObjectId":"@eiuq90jwusYdXyRqt7C38b","refType":"connection"},{"@type":"reference","refObjectId":"@dpTptb9DrySiGt2aNlrSwx","refType":"connection"}]}]