[{"@type":"mappingTemplate","id":"@1","name":"Cleanse_Mapping_Versioning","description":"Cleanse mapping","autoExpireObject":false,"bundleVersion":"0","assetFrsGuid":"0IR1bsKyryLlhm2xOIfIiY","templateId":"@3","deployTime":1758016847000,"hasParameters":false,"valid":true,"fixedConnection":true,"hasParametersDeployed":false,"fixedConnectionDeployed":true,"isSchemaValidationEnabled":false,"tasks":0,"mappingPreviewFileRecordId":"@2","documentType":"","allowMaxFieldLength":false,"specialCharacterSupport":false,"references":[{"@type":"reference","refObjectId":"@3pm9YPmdvmOcopi09B6yIb","refType":"frsDocument"},{"@type":"reference","refObjectId":"@eiuq90jwusYdXyRqt7C38b","refType":"connection"},{"@type":"reference","refObjectId":"@dpTptb9DrySiGt2aNlrSwx","refType":"connection"}]}]