[{"@type":"mappingTemplate","id":"@1","name":"Rule_Specification_Mapping_Versioning_2","description":"A simple mapping using rule specification","autoExpireObject":false,"bundleVersion":"0","assetFrsGuid":"5mna3CMnzIqjuNHek9TGMJ","templateId":"@3","hasParameters":false,"valid":true,"fixedConnection":true,"hasParametersDeployed":false,"fixedConnectionDeployed":false,"isSchemaValidationEnabled":false,"tasks":0,"mappingPreviewFileRecordId":"@2","documentType":"","allowMaxFieldLength":false,"references":[{"@type":"reference","refObjectId":"@1k8Ak4MgF4Kjiw23ZQuF01","refType":"connection"},{"@type":"reference","refObjectId":"@8438Yq56KuIksp2oIh0GYb","refType":"connection"},{"@type":"reference","refObjectId":"@46DgIQtwv1mhiQOvhMMBq3","refType":"frsDocument"}]}]