[{"@type":"mappingTemplate","id":"@1","name":"Cleanse_Mapping_Versioning_2","description":"A simpleMapping Using Cleanse","autoExpireObject":false,"bundleVersion":"0","assetFrsGuid":"3mJyyVQ7hrkbLIKXQ3rVYR","templateId":"@3","hasParameters":false,"valid":true,"fixedConnection":true,"hasParametersDeployed":false,"fixedConnectionDeployed":false,"isSchemaValidationEnabled":false,"tasks":0,"mappingPreviewFileRecordId":"@2","documentType":"","allowMaxFieldLength":false,"specialCharacterSupport":false,"references":[{"@type":"reference","refObjectId":"@0ImslthRCXajrIqXSdrgWz","refType":"connection"},{"@type":"reference","refObjectId":"@2IC7jncljhLliFiKegZtEK","refType":"connection"},{"@type":"reference","refObjectId":"@04s7vbjlLNggHKsIelShkx","refType":"frsDocument"}]}]