[{"@type":"mappingTemplate","id":"@1","name":"Parse_Mapping_Versioning","description":"test description","autoExpireObject":false,"bundleVersion":"0","assetFrsGuid":"93MaXrHomo2eBzFDVn3swW","templateId":"@3","deployTime":1739257565000,"hasParameters":false,"valid":true,"fixedConnection":true,"hasParametersDeployed":false,"fixedConnectionDeployed":true,"isSchemaValidationEnabled":false,"tasks":0,"mappingPreviewFileRecordId":"@2","documentType":"","allowMaxFieldLength":false,"references":[{"@type":"reference","refObjectId":"@cIk6JFoqm4YjXkY6q6rqSv","refType":"connection"},{"@type":"reference","refObjectId":"@hjp4659u3eSeIGg31jJv49","refType":"connection"},{"@type":"reference","refObjectId":"@9mJVEBe4nEZcJNgL15EZwk","refType":"frsDocument"}]}]