[{"@type":"mappingTemplate","id":"@1","name":"Rule_Specification_Mapping_Versioning_2","description":"A simple mapping using rule specification","autoExpireObject":false,"bundleVersion":"0","assetFrsGuid":"jTTd7WV0y86eP5Cy2vXzGY","templateId":"@3","deployTime":1750055942000,"hasParameters":false,"valid":true,"fixedConnection":true,"hasParametersDeployed":false,"fixedConnectionDeployed":true,"isSchemaValidationEnabled":false,"tasks":0,"mappingPreviewFileRecordId":"@2","documentType":"","allowMaxFieldLength":false,"specialCharacterSupport":false,"references":[{"@type":"reference","refObjectId":"@1k8Ak4MgF4Kjiw23ZQuF01","refType":"connection"},{"@type":"reference","refObjectId":"@8i8FFhNITrvfgPT3RPNm8E","refType":"frsDocument"},{"@type":"reference","refObjectId":"@8438Yq56KuIksp2oIh0GYb","refType":"connection"}]}]