[{"@type":"mappingTemplate","id":"@1","name":"Parse_Mapping_Versioning_2","description":"","autoExpireObject":false,"bundleVersion":"0","assetFrsGuid":"896utGFRi1ckVytoKDcfa9","templateId":"@3","deployTime":1750055938000,"hasParameters":false,"valid":true,"fixedConnection":true,"hasParametersDeployed":false,"fixedConnectionDeployed":true,"isSchemaValidationEnabled":false,"tasks":0,"mappingPreviewFileRecordId":"@2","documentType":"","allowMaxFieldLength":false,"specialCharacterSupport":false,"references":[{"@type":"reference","refObjectId":"@cIk6JFoqm4YjXkY6q6rqSv","refType":"connection"},{"@type":"reference","refObjectId":"@hjp4659u3eSeIGg31jJv49","refType":"connection"},{"@type":"reference","refObjectId":"@4PAm1XtGFk7ey98EzJhvup","refType":"frsDocument"}]}]