[{"@type":"mappingTemplate","id":"@1","name":"Deduplicate_Mapping_Versioning","description":"Dedupe mapping","autoExpireObject":false,"bundleVersion":"0","assetFrsGuid":"hFSCGYhswyIiI0auyYwEiq","templateId":"@3","deployTime":1739257563000,"hasParameters":false,"valid":true,"fixedConnection":true,"hasParametersDeployed":false,"fixedConnectionDeployed":true,"isSchemaValidationEnabled":false,"tasks":0,"mappingPreviewFileRecordId":"@2","documentType":"","allowMaxFieldLength":false,"references":[{"@type":"reference","refObjectId":"@l2hnIB4FwQkivsRRlPIwwz","refType":"connection"},{"@type":"reference","refObjectId":"@j3RVoW3aH6GduDF907oo4e","refType":"connection"},{"@type":"reference","refObjectId":"@9TsHIzEOeF9hPyn6myJ0YL","refType":"frsDocument"}]}]