[{"@type":"mappingTemplate","id":"@1","name":"Deduplicate_Mapping_Versioning","description":"Dedupe mapping","autoExpireObject":false,"bundleVersion":"0","assetFrsGuid":"56ByQIS1zEIloq3rt6992B","templateId":"@3","deployTime":1758016847000,"hasParameters":false,"valid":true,"fixedConnection":true,"hasParametersDeployed":false,"fixedConnectionDeployed":true,"isSchemaValidationEnabled":false,"tasks":0,"mappingPreviewFileRecordId":"@2","documentType":"","allowMaxFieldLength":false,"specialCharacterSupport":false,"references":[{"@type":"reference","refObjectId":"@l2hnIB4FwQkivsRRlPIwwz","refType":"connection"},{"@type":"reference","refObjectId":"@aJ5O08yPnJkeSMCsZ5LYOp","refType":"frsDocument"},{"@type":"reference","refObjectId":"@j3RVoW3aH6GduDF907oo4e","refType":"connection"}]}]